"no","quality"
1,5.06606305084797
2,5.0552454193547
3,5.26811444470503
4,5.59567180148031
5,4.75102399129446
6,5.61644615277899
7,5.46733599710895
8,4.9733430723924
9,5.47318722141569
10,5.02717488593541
11,5.83474537844552
12,4.99894625160108
13,5.40622668404654
14,5.69783188694484
15,5.22389479635261
16,5.32461659212408
17,5.08277700028843
18,5.97161789373352
19,5.20408755256862
20,5.51598299270992
21,5.55199085100628
22,5.13040457447121
23,5.06778258106272
24,5.44933818711279
25,5.12062481521139
26,5.34677053502483
27,5.17950436716599
28,5.51942604702614
29,5.06077769484229
30,5.77345737496469
31,5.82334492152701
32,5.05997352697266
33,4.35133424406882
34,5.12352255270361
35,6.22193859880583
36,5.10190935741133
37,5.41452154005189
38,5.37675090540755
39,6.85759201588527
40,5.5010307049427
41,5.50979218647764
42,5.06259663832452
43,5.24995131582531
44,5.42444863435696
45,4.95963786278063
46,5.12084474461381
47,4.95401402470835
48,5.16668113691541
49,5.41958933791276
50,5.34042742781267
51,4.97829960074161
52,4.9496385796355
53,5.17380865858914
54,5.05725524610847
55,5.29780495142032
56,5.04834235255788
57,6.25198243158842
58,4.95614585988467
59,6.21580008610817
60,5.18850639942492
61,5.18466898223582
62,6.12979414715359
63,5.42281058952381
64,5.23606146081873
65,5.66582501198418
66,5.52584352555988
67,5.55289225321781
68,4.70434163209018
69,6.07760751027834
70,5.75834634825372
71,5.06809551560173
72,5.17996309400472
73,5.96816532542192
74,5.75162007887357
75,4.96733641143687
76,5.06432381202996
77,5.26569652152433
78,5.42714479939921
79,6.18137240435596
80,5.10109509135161
81,6.27879353253541
82,5.75159744385552
83,5.5696290970044
84,6.03008543353388
85,5.37243084461642
86,5.67549229501827
87,5.73028306151127
88,5.94985900118575
89,5.42234192979154
90,5.42867381637594
91,5.35767535884339
92,5.08616590168745
93,5.44600125744731
94,5.31216363027013
95,5.67190135186431
96,6.43352670708771
97,5.68717678700867
98,6.32385999802955
99,5.72376608720491
100,6.2437640653787
101,5.90434211828933
102,6.78848584646298
103,5.9230964628958
104,5.70043685926076
105,6.31855135806674
106,6.02828229757006
107,6.26697410835999
108,6.22646899404671
109,6.64751455756097
110,5.39853507369532
111,5.25592111776847
112,7.49113816132806
113,5.30859875465129
114,6.37908607099892
115,5.2697365069064
116,6.50117974880056
117,7.08472177526252
118,5.91771991336931
119,5.46161387487913
120,6.23569563187208
121,6.55011386251727
122,5.23384644192855
123,5.94618920518657
124,6.09853585330917
125,5.08308229103528
126,4.95670186706326
127,5.26420625073624
128,5.80962228389239
129,5.18459237873451
130,5.43683568311996
131,5.29514130924606
132,6.07735986023556
133,5.46528174257021
134,5.91645530391848
135,6.63138758389137
136,5.4158855079104
137,6.19576986294843
138,5.9693194560955
139,6.17191365056291
140,7.18837167318493
141,6.06199350473115
142,5.90325457936152
143,6.01276923481099
144,5.49851506617886
145,5.79384373143892
146,6.89795288825354
147,6.14896641943977
148,5.25326428909554
149,5.90225733326287
150,5.54664065854325
151,5.20481912242431
152,6.65715769448893
153,5.48083009638623
154,5.5953706526409
155,5.69692818050267
156,6.18732704295069
157,4.83257947939908
158,6.41582345842243
159,5.65124173454001
160,6.04568707693253
161,5.04785618285041
162,5.09720652293305
163,5.28697002794699
164,6.12851425391178
165,5.56548388302122
166,5.74176848494892
167,5.4399750959976
168,5.51845651982073
169,6.32807467753192
170,5.09788769524567
171,5.81223323810308
172,5.10486852002899
173,6.29596529181169
174,5.8626751769573
175,6.21925926112095
176,5.27223490386232
177,6.09624857101267
178,5.2156035534381
179,5.98437261536593
180,6.08629220584373
181,5.32700156477932
182,6.771321869284
183,5.59090341793347
184,5.60187188668764
185,4.86224663990058
186,5.40260101011996
187,5.21025496471701
188,6.63557391023928
189,6.17418201104598
190,5.47511536634326
191,5.87068313847842
192,5.12829419383752
193,4.95475654843416
194,5.02864751722488
195,5.58131490247802
196,5.37605812559153
197,6.03275349829391
198,7.42888444230204
199,5.78112664371613
200,5.32123129101614
201,6.34119745015513
202,5.06147422895609
203,4.41381762345409
204,5.49861488376064
205,4.91321609567335
206,4.72769258970861
207,6.08452516470165
208,5.32303911597678
209,5.42195602709891
210,5.54216110855922
211,5.12970943621119
212,5.15076103720578
213,5.46471629318458
214,4.8072621332652
215,4.74798768212747
216,5.23369957034802
217,5.07868429538223
218,5.2709307747844
219,5.49264745701609
220,5.24984493414128
221,5.03784061903458
222,5.04592702936253
223,5.15951449708916
224,4.94171793512055
225,5.68397703575314
226,4.67162109430303
227,4.89967990518764
228,5.03437643998071
229,5.27554326368268
230,5.06501387101663
231,5.1496758725836
232,5.12240142391673
233,5.66372984505952
234,5.32828997263596
235,6.79858768595436
236,5.37407676829781
237,6.16837388031629
238,5.71459279259024
239,5.22093932733878
240,5.55349303095933
241,5.58401925416784
242,6.38022537949641
243,5.53391824647625
244,6.46395598893691
245,5.45146237558774
246,5.01260681929004
247,5.2679116537075
248,5.26562935104916
249,6.00594530005953
250,6.29625720506989
251,6.13231802948584
252,5.42679610784734
253,5.06391219667374
254,5.04986999656001
255,6.37811401474752
256,5.68812253605836
257,5.77592350275218
258,5.49402955194279
259,6.55398349143884
260,5.43366903592934
261,5.46048365585656
262,5.5986264950847
263,5.0302530319301
264,5.5322471998035
265,6.67588160068861
266,5.20489510079049
267,5.66124489431603
268,5.70831083389811
269,5.5684558058386
270,6.35250242503093
271,6.42197098866916
272,5.92540242174709
273,5.58916089849217
274,5.37187043138605
275,6.23405545923877
276,5.61881266555246
277,6.64996592849139
278,6.32926260120439
279,6.38076165734151
280,6.38563435372124
281,6.65737425550084
282,6.56723718766039
283,5.30536613824856
284,4.97619129498071
285,6.4260951308995
286,5.25709136811497
287,4.96033894750119
288,5.74608199560002
289,5.8048947984935
290,5.74742205370488
291,5.92383712729723
292,5.2891482403186
293,5.27956417567462
294,5.30752848114237
295,5.99697744612529
296,5.62605705245533
297,6.1750944743929
298,6.18782874965245
299,4.84051695104507
300,5.6502344549756
301,6.71561231973552
302,6.12636617105292
303,5.57879452449515
304,4.84584296363257
305,5.48651377030747
306,6.15194010814449
307,6.33073836349356
308,6.14541896443845
309,6.11119807840849
310,6.56533986547139
311,6.03091193329479
312,6.28049490932942
313,5.75057299303731
314,5.11200192711365
315,5.36540832565021
316,5.88016868204252
317,6.58347159959573
318,6.29136751779333
319,5.36157500437133
320,5.81404868055401
321,5.34489133879241
322,6.73515393236189
323,6.13240698119096
324,5.64937524422293
325,6.36256826611537
326,6.22356342545601
327,5.7283502059589
328,5.94918153607915
329,6.17505760719921
330,6.54357766002715
331,6.37670170512629
332,5.8538536942381
333,5.78406737242381
334,5.79142865335861
335,6.57366166931049
336,6.25692149922734
337,5.2139839122683
338,5.32901481649535
339,6.06546466342064
340,6.03790066652581
341,5.62614463092143
342,6.1013793798116
343,5.21544924540974
344,5.70248276035227
345,6.13676709969519
346,6.34651512340186
347,5.9200036192779
348,6.23215028213486
349,5.67172908466819
350,6.05506903168746
351,6.55690369383531
352,5.36589269603343
353,6.36119557335108
354,5.98055733361602
355,5.72080239889943
356,4.6486659628567
357,5.26530118802052
358,5.21350145631078
359,5.25787062844646
360,6.25397371338218
361,6.20184414013588
362,5.45150329024575
363,5.52772680835471
364,5.36540700422312
365,6.1709871835997
366,5.25124203094414
367,6.25161884971058
368,6.18309082866053
369,5.25943445517282
370,5.32131907537575
371,5.38439178671237
372,5.46169844914162
373,5.83525948767537
374,5.34690949608739
375,5.17373084554103
376,5.69590325067131
377,5.18168065906794
378,5.13336832028823
379,6.67759299501958
380,5.268613823335
381,6.68751026971702
382,5.96250884274157
383,5.65919856399622
384,5.05852941119645
385,6.21623256011689
386,5.16583623016657
387,5.66199576072648
388,5.71656881640067
389,5.73106004022253
390,5.57718048688373
391,5.49529386741645
392,5.82490475413763
393,6.32243736902927
394,5.31095165654216
395,5.8162010307481
396,5.87328934484441
397,5.23132234071775
398,5.20144007934374
399,5.13786100854705
400,5.25724927177311
401,6.26795797622952
402,5.64892455133504
403,5.11603028645047
404,5.20135526238741
405,5.09642061723295
406,6.30769731548028
407,5.03239527238725
408,5.49623819958465
409,5.93644574754564
410,5.55185967240712
411,5.53688291991811
412,5.35333540434802
413,5.23358280468012
414,5.16921357940411
415,5.08080941676224
416,5.38868056442013
417,5.04427259614337
418,5.04087484707462
419,5.36312434970887
420,5.57689038017437
421,5.04459991662958
422,6.77129354882009
423,5.89738102882114
424,5.0318306937825
425,5.87093098165762
426,5.20055452416526
427,5.12253197379087
428,5.87141204554037
429,5.69449361400504
430,5.42051548299313
431,5.19353493469993
432,6.33728208385171
433,5.08626286818996
434,5.59275199507623
435,5.47454761221292
436,6.06450317573959
437,5.77381819428805
438,5.50692279911505
439,5.40530635612707
440,5.2556349053711
441,5.55113900756794
442,5.24641960260694
443,5.33155401001001
444,5.39775396057568
445,5.90338590857688
446,6.08801941020507
447,6.27914819918991
448,5.79412992698948
449,5.20796772669815
450,6.06323878603312
451,5.44208789259542
452,5.43027585983819
453,5.51775070874758
454,4.94511365190072
455,4.95003307457493
456,5.28795021778614
457,5.55764736735276
458,6.13266958821633
459,5.76434701102224
460,5.95191403866157
461,5.35119761342781
462,5.51560931211725
463,5.91534929698443
464,5.65213537591043
465,6.17973962568803
466,6.53875139698162
467,6.29024910553711
468,5.14069265910616
469,5.70579194691071
470,5.46880079127906
471,5.96748120575025
472,6.23740141176961
473,5.79196276779034
474,5.02241556563558
475,6.10897436606683
476,6.15017688373001
477,6.38999462816757
478,6.2595715352299
479,5.16446385257171
480,5.419181384551
481,5.99528681692347
482,5.9065434626547
483,5.46436044980331
484,6.03130157280142
485,5.18394133154683
486,5.79117735478815
487,5.91603842012409
488,6.01781780224266
489,5.79563179499918
490,6.09739259329767
491,5.81652345408473
492,5.91313873399362
493,5.82751322890982
494,5.59292643098699
495,5.99614953575323
496,5.84137852781931
497,6.40120483700242
498,5.48452572149669
499,5.33918230887182
500,6.23184356765869
501,5.182546777866
502,5.69774271141415
503,5.75011596476056
504,5.239656117819
505,5.50456674645309
506,5.49243044424454
507,5.30938328142801
508,5.0747900099454
509,6.45164001003614
510,5.41807359802527
511,5.50742426733088
512,6.1065865543767
513,5.61914299628967
514,5.47806836597269
515,6.14642640982319
516,5.35983456408709
517,5.54018824070862
518,5.50239692213712
519,5.77644407070912
520,5.13153262430176
521,5.79518709105582
522,6.09107937897887
523,5.26611313517911
524,6.26225650435026
525,5.89300335490969
526,5.52313223030482
527,6.54537726320263
528,5.50954061181907
529,5.72958031711268
530,5.91106756386727
531,5.43519230714207
532,6.30621292065231
533,6.13800775391092
534,5.69425073381722
535,4.27315376324703
536,5.15410852357094
537,5.36760932128973
538,5.27871018737832
539,6.11109484775195
540,5.91886156237762
541,5.14731970858767
542,5.29809981049731
543,5.36806285927939
544,5.19446086223945
545,5.14413275144668
546,6.39341489697308
547,5.69967542333827
548,5.96883864796437
549,5.71803739131666
550,6.01851213363052
551,4.61831036935956
552,5.61962018960309
553,5.53334138486457
554,5.17986974697753
555,5.67905112264654
556,5.46940551306471
557,5.41163572206575
558,5.67202388870301
559,5.32452509339587
560,6.20309415411837
561,5.22659945971165
562,6.66558786578409
563,6.26827649889773
564,5.66257098901664
565,6.28350799316526
566,5.54632629491438
567,5.51510804632235
568,5.83056656687785
569,5.37963682223187
570,5.32279830145345
571,4.8796640968232
572,5.40738617758342
573,5.9422080846029
574,5.40751705974252
575,5.24651895788971
576,5.62512408658716
577,5.68235869881882
578,6.10803521422845
579,5.50333449329741
580,5.64366444103381
581,5.84418713330048
582,5.28434644329825
583,6.27518213159484
584,5.91717672942459
585,5.99084425357446
586,6.04736990092147
587,5.93459551572148
588,5.85964263338927
589,5.70451336228833
590,5.97030345644232
591,5.59974751704125
592,6.25270841344691
593,6.70022547956042
594,5.79479484408435
595,5.39419665063614
596,5.69475286202593
597,5.45995694252996
598,5.58287796557698
599,6.48771699826972
600,6.40771887153551
601,5.38818934203398
602,6.4371486929237
603,5.3494320229484
604,5.97081362524281
605,6.02873644185718
606,5.56672218980484
607,6.79514527083508
608,5.91100817876903
609,5.90342148989361
610,5.58032831296138
611,5.14579019883557
612,4.68196914863818
613,6.68561787975233
614,5.19292392302047
615,7.31463601066341
616,6.53789052432871
617,6.01517776276139
618,5.77220731296809
619,5.30675773561585
620,6.44506045303106
621,5.91967128209908
622,5.75096744660678
623,6.02175539359548
624,5.43289205593212
625,6.49910093239302
626,5.14337145972786
627,5.64151912986069
628,5.2896930572787
629,5.75227689906071
630,4.58873766895032
631,6.21517975047067
632,6.10310368122993
633,6.09663878256152
634,5.78870583848109
635,5.25118182383433
636,5.76285046097749
637,5.62972035152518
638,5.64153912823473
639,5.8116129877877
640,5.99346697618088
641,4.97695722454949
642,5.63414874293646
643,5.91977464025828
644,5.27884764981398
645,5.7111729244146
646,6.67947403396463
647,5.87406716184628
648,5.46054006891328
649,5.69796034118797
650,5.07188235529354
651,6.23429057900405
652,5.55334157536091
653,5.53036089423419
654,5.29964213834139
655,5.38311235260232
656,5.24405900369213
657,5.34303250997325
658,5.33351045587909
659,5.98514283568521
660,5.66970439834972
661,5.18955279558442
662,5.7881753110288
663,6.48870469015512
664,5.64342526534465
665,5.85011017906124
666,5.46940196534291
667,6.19425445470306
668,5.71556482826914
669,5.41674681267658
670,5.46475649157059
671,5.49557928042555
672,5.66217065834398
673,5.98437580208118
674,6.23585340636349
675,5.04480043040863
676,4.98668140454617
677,5.88488345757341
678,5.36998551177429
679,6.78152490380521
680,5.77828780333819
681,6.37951746627084
682,6.36700610893645
683,5.18784353239175
684,5.52439704867008
685,5.55119151974486
686,6.2120285405666
687,5.66120540975978
688,5.55333893516103
689,5.58053559305748
690,6.6283296483287
691,5.57803950163408
692,6.05630135894618
693,4.63993068329583
694,5.53255357843334
695,6.31096390883626
696,6.68458873466485
697,5.17413550259736
698,5.55484508659452
699,6.18393491842601
700,5.84327432512593
701,5.4819106721768
702,5.87483183208859
703,5.83094238212883
704,5.53745307703371
705,6.5646264455814
706,5.40242931485701
707,6.05075947394955
708,5.96125348163535
709,5.69891576350322
710,5.20717662993333
711,5.01537113293463
712,5.84588587204991
713,6.15133230952875
714,5.4388470186781
715,5.47005947758571
716,5.42439036505322
717,5.21233670467439
718,4.98460144681136
719,5.84966534637246
720,5.71303899914092
721,5.8682893359535
722,5.72958561784036
723,6.7329612225306
724,6.28886153703716
725,6.27995930576303
726,6.50569779165278
727,6.15000601225457
728,5.44397374768067
729,6.25789958800483
730,6.18134677061698
731,5.7909802085754
732,6.95478432515655
733,5.60264645437443
734,6.17453605377142
735,6.12913974771377
736,6.32004478150934
737,6.12061273025369
738,5.52367373863543
739,5.05849502187211
740,5.54601164275347
741,5.40006158007114
742,5.23904583433216
743,5.81651599968747
744,5.54632608199944
745,5.33390077328329
746,5.55891838579713
747,5.62319849816467
748,5.63192429781332
749,5.57559890284271
750,5.68734746452464
751,6.272560726568
752,5.38076604458749
753,6.56448477168967
754,6.28435074352317
755,5.07328670247392
756,5.07367670920415
757,6.47092202548033
758,5.7241545562801
759,5.64706295169945
760,5.28153542973903
761,6.30422324690093
762,5.06874001789705
763,5.85278035719053
764,6.30124372611863
765,5.62827596186092
766,5.2833638654174
767,5.7948960741474
768,6.15394543178519
769,6.01940373789683
770,4.82112360691968
771,5.74940998175471
772,4.35090666014341
773,5.801032137139
774,5.72267495640932
775,5.1074279332467
776,5.61209528019269
777,5.3073795037583
778,6.0685591713658
779,5.74468978666426
780,5.64253741482307
781,5.51843792378354
782,5.54546234787452
783,6.03252458848833
784,5.38849756447224
785,6.33184985471016
786,5.2637858547257
787,6.5895754636555
788,6.33748770298959
789,5.28049582525338
790,6.20682801850731
791,5.7084656829155
792,5.10542626540984
793,5.22791821709634
794,5.24169805229794
795,5.07494071772923
796,5.17123882615038
797,5.45382148199035
798,5.19758940541881
799,5.56737065758052
800,6.66319152709507
801,6.40535626269462
802,5.42714438371804
803,5.06617542406084
804,5.13213805206359
805,5.382912642133
806,4.67731203006237
807,5.66527983335654
808,5.36407755346812
809,5.95240590419337
810,5.77855106735113
811,4.69945560741522
812,6.13228297111975
813,5.25532987515053
814,5.20985591404719
815,5.80566181975208
816,5.58507981189195
817,5.64683094453343
818,5.62875723669123
819,5.63514329341432
820,5.22721720690502
821,5.4733816444283
822,5.64753686794792
823,5.99733990581024
824,5.74486035997626
825,5.36762911197232
826,6.6182318092536
827,6.40840169523011
828,5.700921312315
829,5.22779379740017
830,6.31342417343192
831,5.81714488693035
832,6.38586817440193
833,4.86889772630002
834,5.76859328058006
835,5.79039718810658
836,5.04547470597697
837,5.36644644110499
838,5.44205805634456
839,5.14975905506489
840,5.56005602559691
841,5.7620380142501
842,6.39117884394971
843,5.56445458818553
844,5.40406734286161
845,4.98394319485928
846,5.16133189578692
847,5.74631210729819
848,5.6765452735629
849,6.14007077206945
850,6.44045625963756
851,5.97980735085345
852,5.50478814232031
853,5.88642589680813
854,5.65712732598902
855,5.28390669705068
856,5.34706335929617
857,5.8289721482245
858,6.00505462988751
859,5.35592866794655
860,5.46088989138473
861,5.64597616639351
862,5.62210012959719
863,5.53037307811525
864,6.03724264806144
865,5.00763134489937
866,5.63236629648975
867,5.37658784808297
868,5.94101083058622
869,5.58695400037839
870,4.87033320543477
871,6.34543558816988
872,5.46761301912582
873,6.47958173183391
874,5.12902195131391
875,6.42738829792565
876,4.68651690089376
877,5.51256960276882
878,5.94332275107332
879,5.37900557625544
880,5.88017877072255
881,6.25752388802683
882,6.28862887850089
883,5.8422699330014
884,6.0594673636512
885,5.22778007191316
886,5.57784863845712
887,6.59362524667718
888,6.26085511534598
889,6.04965182676299
890,5.64889581348208
891,5.97766346737672
892,6.25329943054309
893,6.19352855448921
894,6.46723600742153
895,5.96728857814719
896,5.50370825304108
897,6.12388342883755
898,4.98667274430527
899,6.38810112524548
900,6.1184147008115
901,5.0529921742117
902,5.98037260562418
903,5.75363090725794
904,6.07163481634848
905,5.53024552436769
906,5.69712675535623
907,6.84128576014604
908,5.76141155540815
909,5.78750265131402
910,5.46633054350842
911,5.65848079261857
912,4.78365025392812
913,6.03906060109822
914,6.09532667795373
915,6.67872584566504
916,5.71458925753874
917,5.80396329538343
918,5.0858624446837
919,6.60375367650476
920,5.46274378098611
921,5.54716698345178
922,5.47794811817063
923,5.66260119728768
924,4.81287123327411
925,5.91611165790318
926,5.400725808412
927,5.46728876573045
928,5.96878891892933
929,5.42642496313206
930,5.98246341718009
931,6.79803803234068
932,5.91179006141181
933,6.1693336047041
934,5.15773314406747
935,5.30298946985514
936,6.31488506902815
937,4.92849937179153
938,5.07335141827024
939,6.09810062341409
940,5.66518705401263
941,6.63695559775229
942,5.98190305152836
943,5.94067802402349
944,6.21313530401156
945,6.49767261930402
946,5.1844868815506
947,5.33025765098267
948,5.66318547002038
949,5.55748598439682
950,6.02521840864745
951,5.36610794732614
952,5.24920728184051
953,5.46816073933564
954,5.46346642540809
955,4.96661189027328
956,5.72680555897534
957,6.25230677297377
958,6.18514175592738
959,5.80040413864437
960,5.66388637378733
961,5.32647814845118
962,5.6067422686547
963,6.55183963419245
964,5.37275490010888
965,5.54587714553387
966,5.93601208834483
967,6.03978584571526
968,5.86903871498614
969,5.38859729519862
970,5.13431502402508
971,5.72565456150762
972,5.72909039652015
973,5.42404265067807
974,5.65922081766593
975,5.62175202815784
976,5.77297239231244
977,5.67446587094601
978,6.21366202677072
979,5.59446872800228
980,6.11194156433695
981,5.78154953819161
982,5.52952059542977
983,5.61843619955351
984,5.72380029209088
985,5.48524011555985
986,5.17309550569704
987,5.47756897339525
988,4.99598816446476
989,5.81913841625119
990,5.44382303285678
991,6.00635765353471
992,6.13157717809243
993,6.59153491779662
994,5.35436711239847
995,5.37956505514896
996,5.33550938210529
997,5.25909601715117
998,4.89082776815975
999,6.28651977067408
1000,5.32078565111757
1001,5.78070128397753
1002,5.77061929457521
1003,6.4829764590061
1004,6.25614660523919
1005,5.97475464895827
1006,5.43966498338161
1007,5.64974496043889
1008,5.3871776667768
1009,6.70478384271672
1010,5.68215395947081
1011,5.3399962354281
1012,6.42171151134022
1013,5.8532493652505
1014,6.2748723290715
1015,5.35233198735247
1016,5.58058091570096
1017,5.62374568980182
1018,5.10960018469735
1019,5.34710170064933
1020,5.20737392245475
1021,5.6567000305086
1022,6.09619388671719
1023,3.26770879782355
1024,4.49257700954175
1025,5.64853295863628
1026,5.74522669871455
1027,5.2961036445126
1028,5.62855652248444
1029,4.75487573830245
1030,5.75417687727701
1031,5.54288266097269
1032,3.60322713313846
1033,5.63443874889851
1034,5.36989646133651
1035,4.97530117246049
1036,5.41890554625243
1037,5.85079409757624
1038,5.6121730124431
1039,5.3021078497239
1040,5.5232253859413
1041,5.6993759865012
1042,4.70710256647757
1043,5.74215020322411
1044,5.60791427696028
1045,5.59410019946226
1046,6.08311877826374
1047,5.80591663870111
1048,6.19791107412269
1049,6.06609330131425
1050,5.21143464782371
1051,5.09626880707397
1052,5.63958446725989
1053,5.40332954299727
1054,5.35800063140141
1055,5.63580546680083
1056,5.80952675558616
1057,5.47562733695111
1058,5.66531975910062
1059,5.67361282486047
1060,5.71500353803766
1061,5.72997460898296
1062,5.69959989730123
1063,5.67568409298836
1064,5.89848375393424
1065,5.38861408164925
1066,5.34455039479749
1067,5.51987621150087
1068,5.4776712002751
1069,6.19503849548178
1070,5.087944912459
1071,5.82348498556872
1072,5.51742493211435
1073,5.49294892827578
1074,6.47198276668653
1075,5.92138464328032
1076,5.74488211246331
1077,6.1641738560115
1078,6.02064829313316
1079,5.24318977048838
1080,5.52293734515104
1081,5.57331753754408
1082,5.86914006260762
1083,5.9095593683145
1084,6.37763737966544
1085,6.09319933930086
1086,6.57275134082929
1087,5.45913429461681
1088,5.54470240410495
1089,5.14966735855709
1090,5.93014315750427
1091,5.70712170529122
1092,6.30881085632261
1093,5.40290340191571
1094,5.36623805104075
1095,5.39886937795647
1096,6.52822577312248
1097,5.71967603134491
1098,6.26281184556983
1099,5.77847029254047
1100,5.67893609011418
1101,5.42019042526987
1102,5.80544128072465
1103,6.13857693237008
1104,4.96527813989993
1105,6.21351379352181
1106,6.08215079213759
1107,5.63907419201255
1108,4.96434011470373
1109,5.13612731933366
1110,5.41832005661885
1111,5.87502053753623
1112,6.20246864434566
1113,5.98763969398057
1114,5.56090191606082
1115,5.32692429122099
1116,5.58895434524531
1117,5.55564073686502
1118,6.54758879632704
1119,6.71326065760662
1120,6.57005301231293
1121,5.46479742428983
1122,4.87662770797183
1123,6.49112489761301
1124,6.81662644315839
1125,5.4973652732387
1126,6.66023992329807
1127,5.43665103001831
1128,6.24439096670853
1129,5.05183477321186
1130,5.36561290514999
1131,5.26955829395379
1132,5.94384480877182
1133,5.41678328821884
1134,5.72008145874877
1135,6.35068694161037
1136,5.80454288289349
1137,5.37055433609187
1138,5.89088446354543
1139,6.28871954450184
1140,5.35136537883485
1141,4.86288048040396
1142,5.41432022711505
1143,5.40174499695679
1144,5.33984369786752
1145,6.21464082068382
1146,6.08687885662566
1147,6.57195722359172
1148,5.96919706490771
1149,5.7682841469823
1150,5.54027173083952
1151,5.7922785673918
1152,6.18065738681762
1153,5.38058616754883
1154,5.79495875004732
1155,5.76785131891619
1156,5.63245519600701
1157,5.04481238277009
1158,4.67444495259926
1159,5.06336818881237
1160,5.25733756359355
1161,5.73950837668645
1162,4.97143215827816
1163,6.19536490375618
1164,5.44081262170294
1165,5.78436135788598
1166,5.46593907774753
1167,5.99385012488833
1168,5.23817812974149
1169,6.2638346425825
1170,5.5215053324698
1171,5.57906438690229
1172,5.30441721130569
1173,5.22452941696002
1174,5.82038892694474
1175,5.97410391529544
1176,6.11662341680969
1177,5.79771160961517
1178,5.51404459312169
1179,5.65667582349517
1180,6.24765625301764
1181,5.41008070443475
1182,5.76405648113304
1183,5.41430135224803
1184,6.54197905090774
1185,6.35761356319268
1186,5.55731153333742
1187,6.5414097461499
1188,5.98035363610965
1189,6.28120431596069
1190,5.83452956313341
1191,5.74871340806001
1192,5.1813919802596
1193,5.71162530012862
1194,5.60937559762818
1195,5.58398024312093
1196,5.78012368245326
1197,5.88447422146475
1198,5.25625835674587
1199,5.46098762629683
1200,6.75839253901251
1201,5.38396713790079
1202,6.35168191786047
1203,5.50788220050936
1204,5.632057851574
1205,5.87164060500676
1206,5.41856696611184
1207,4.59834837535267
1208,6.32457282201308
1209,7.08218494598722
1210,5.82969547747947
1211,5.85796488773221
1212,6.40068872712817
1213,5.85840746408006
1214,6.82927475596554
1215,6.71642122324607
1216,6.62903746606226
1217,6.28170794378379
1218,6.21769064169436
1219,5.4383945964013
1220,5.57872246642232
1221,5.61637966607785
1222,6.56986579467624
1223,6.02738055379409
1224,6.44919723764189
1225,5.53842740778252
1226,5.54069243447023
1227,5.57083781391701
1228,6.12602707524042
1229,5.57448161882086
1230,5.8061907660258
1231,5.23661215377116
1232,6.30548139600315
1233,5.07524920961663
1234,6.41635135566435
1235,5.61742889700879
1236,6.04451219916595
1237,5.84200301974561
1238,5.41359467823235
1239,7.69323351239147
1240,6.85595000522032
1241,5.72829734643171
1242,6.66432144443412
1243,5.74616525790358
1244,6.15437504983176
1245,6.1954107271426
1246,6.22677908984574
1247,6.45995872423271
1248,5.72639928510283
1249,6.07970940445863
1250,5.80730900209192
1251,5.19533387825857
1252,5.61204952930203
1253,6.96945592734845
1254,5.77181869261392
1255,5.62983908827839
1256,6.53341505375532
1257,6.32185405616944
1258,5.9737982793315
1259,5.72447719592923
1260,5.17276762360703
1261,5.17266422794689
1262,6.34880929911922
1263,5.88221996103454
1264,5.96666497494804
1265,5.54500936923165
1266,5.86542412077769
1267,6.04599013849476
1268,5.53524101339827
1269,6.01467932680958
1270,6.65463253189181
1271,5.50543590833273
1272,7.90379714773837
1273,7.7327366382833
1274,6.129725398161
1275,5.53745933878819
1276,6.34491202034429
1277,5.82293411471021
1278,6.43987995047668
1279,6.83190113676323
1280,5.79447153079275
1281,5.42205135510834
1282,6.32638159254556
1283,5.37716520330763
1284,6.34225710375665
1285,5.3973372695152
1286,6.66572194481651
1287,5.55260054706576
1288,5.71408521036464
1289,6.45479573511861
1290,5.61820352078037
1291,6.13023179701028
1292,5.59142220849946
1293,5.24698429697683
1294,6.07683612319784
1295,6.13736779544741
1296,5.43190393150631
1297,5.03007413531608
1298,5.96982584969504
1299,6.54265364852786
1300,5.0037619036259
1301,6.09903501925821
1302,5.59776450660542
1303,5.94141664816545
1304,6.4231551313393
1305,6.4032007512659
1306,6.50444009817591
1307,6.11909135971074
1308,6.13604140022541
1309,6.89836730328235
1310,6.05052263871876
1311,6.23018360613162
1312,6.31621138149451
1313,6.96276516346858
1314,6.36425946260673
1315,5.76398376422488
1316,6.15473340094898
1317,5.92034607835717
1318,5.61548181830461
1319,5.28069453396323
1320,6.27284091695031
1321,5.7764425973765
1322,5.76067611275087
1323,6.45865710744707
1324,5.15483153320965
1325,4.57128358573979
1326,5.93483123902093
1327,5.99987804444389
1328,5.56036529508586
1329,5.82521927362309
1330,6.67936773878481
1331,6.18467822218348
1332,5.38917374153095
1333,6.15120447686305
1334,5.8737192727368
1335,6.23631490511708
1336,5.66367256047069
1337,6.1118674053534
1338,6.09287615274371
1339,6.27755384314771
1340,6.38112853786741
1341,6.36629259508831
1342,5.72615596873156
1343,5.84697642264843
1344,5.58040350239734
1345,6.55985248751496
1346,5.43391715955726
1347,6.46000088990488
1348,6.73438769075995
1349,6.13822377183735
1350,6.72009174084767
1351,5.56835781052117
1352,5.7982848256383
1353,6.38031962512198
1354,6.14657027007147
1355,6.28305268354857
1356,5.77940754140826
1357,6.59397040797054
1358,6.08977548400304
1359,5.90488640653256
1360,5.57163668786141
1361,6.56007408426161
1362,6.49599167548936
1363,6.43854902374963
1364,6.4553949263329
1365,6.24008289111159
1366,6.26657490231476
1367,6.1469267578402
1368,6.4560908253116
1369,6.29498750847181
1370,5.43614611089956
1371,6.67460450778648
1372,6.18204710601957
1373,6.26683367368788
1374,6.36837693560952
1375,6.61820211505665
1376,6.15898098240125
1377,6.40890273764841
1378,5.68622462768537
1379,6.51521214340628
1380,5.80581398528716
1381,5.28945072866369
1382,6.35556316306122
1383,5.23147056653837
1384,6.18482174403448
1385,5.13916519988455
1386,6.45508433757945
1387,6.21560440917443
1388,5.39635681313767
1389,5.4929972287485
1390,6.79269602600534
1391,5.80469323654779
1392,5.83852867119441
1393,6.24550980270374
1394,6.67908983098538
1395,6.85157547513175
1396,6.07306787028799
1397,6.11155807133841
1398,6.73077107589212
1399,6.18842610225
1400,6.74290594956033
1401,5.93043433821049
1402,6.19195521978271
1403,5.86388901180012
1404,6.03397568078556
1405,6.34395976515313
1406,5.66654232931046
1407,5.43359704314676
1408,6.92633382686918
1409,6.56714974404015
1410,6.33793807075753
1411,6.77725319243853
1412,5.69829341364079
1413,6.73135651747695
1414,6.36442215115509
1415,5.97082839510706
1416,6.21050755354087
1417,4.81029693542001
1418,6.2940392631589
1419,6.41079205169778
1420,5.52227693395738
1421,5.48650100193367
1422,6.04992220511682
1423,5.61075607022927
1424,6.88703933477743
1425,5.30795510511821
1426,6.75918303453795
1427,6.775818522024
1428,5.90941069146375
1429,6.52470466027269
1430,5.90785583002186
1431,6.8182221243426
1432,5.30686179650257
1433,6.07947084150322
1434,5.51566327736279
1435,5.62418405807296
1436,6.23582737720509
1437,6.89781879485587
1438,6.77138294102884
1439,5.4298860014866
1440,6.46738173364686
1441,6.85072606256127
1442,6.53790059393402
1443,5.93228814793024
1444,5.36579896289145
1445,6.09347560829684
1446,6.23946572233759
1447,6.67114719509418
1448,5.3947247279815
1449,6.50617976660447
1450,5.86327680850097
1451,6.28663367187125
1452,6.49379128949325
1453,6.98339607706384
1454,6.21188524639603
1455,5.00477315811114
1456,6.4641786238687
1457,6.32763365645538
1458,5.5411124799501
1459,5.93772868583211
1460,5.66429392937878
1461,6.39528614283012
1462,6.15222297161706
1463,5.54003714164715
1464,5.74258605209442
1465,4.62042698241096
1466,6.12500701425484
1467,5.89390703227685
1468,5.88610775300299
1469,6.22273299072387
1470,6.79987228558019
1471,6.1966120652379
1472,6.23245638920727
1473,6.35685532993181
1474,7.06403065672126
1475,6.21079596427523
1476,6.16115729188795
1477,5.21759212942582
1478,6.15577911420627
1479,5.41404663208832
1480,5.89550582614199
1481,5.39297279622291
1482,5.42432397230254
1483,5.68120582796049
1484,5.76192813460226
1485,6.23197243113671
1486,6.19252229723184
1487,6.60295180813806
1488,6.48845798663587
1489,5.86618516282368
1490,6.39279080251685
1491,6.14356107210643
1492,6.60960377427614
1493,5.06135451129814
1494,6.83722749266447
1495,6.33036321360313
1496,5.87840467485899
1497,5.88339145555352
1498,6.43470469682326
1499,6.78280878243586
1500,6.66027674473422
1501,6.5410802114034
1502,5.20373084235819
1503,5.32342096439152
1504,5.63590110166169
1505,6.62116229279223
1506,6.39943895204452
1507,5.45109275287503
1508,5.27475542591783
1509,6.03738266259286
1510,6.47353346126454
1511,5.79982268506711
1512,7.01853193028885
1513,5.71516331018411
1514,5.70614244232916
1515,6.20920585287189
1516,5.67703894949047
1517,6.73993534577655
1518,5.39611129051767
1519,6.23836505925692
1520,6.94713347936551
1521,5.14204644028339
1522,6.51654311654168
1523,5.97223575210715
1524,6.75441342775728
1525,5.43273362386467
1526,5.60618190992998
1527,5.59110800811644
1528,5.90199210846891
1529,6.01706256133634
1530,6.00177197761441
1531,5.95625373501885
1532,6.03823703535155
1533,6.31263764296808
1534,6.00934346026821
1535,5.40824368355922
1536,6.51348842908082
1537,5.85576376905927
1538,7.04450175145205
1539,6.90773940750565
1540,5.38285553796622
1541,5.75276855699141
1542,6.48058300320882
1543,6.52279931039055
1544,6.04865508142218
1545,5.58057518814814
1546,4.95486298586374
1547,5.65542085968478
1548,6.37835994282938
1549,6.42436569629291
1550,6.19316376126511
1551,4.84578563446776
1552,6.21333820687947
1553,6.13974089734243
1554,6.82403880263484
1555,6.15030276464776
1556,5.97987670368662
1557,5.27401975948632
1558,6.11750497055292
1559,5.93595514819318
1560,6.63955702486296
1561,6.79144429667297
1562,5.56847191573583
1563,5.38043783857173
1564,5.55511606793895
1565,6.47689842092293
1566,6.20553792635095
1567,5.82882348608527
1568,5.99274935416404
1569,7.02216523604266
1570,6.83922528231742
1571,6.61812396324716
1572,6.18879647300141
1573,6.10469956704206
1574,5.76550058824002
1575,5.20323620703114
1576,5.6128681911788
1577,4.59084106377796
1578,6.1960916266542
1579,5.52182177239964
1580,5.50973947073344
1581,5.1565951856879
1582,5.69148369829764
1583,5.64058830552801
1584,5.65316468136475
1585,6.59684883670173
1586,5.85304080259938
1587,5.31996361234151
1588,5.81971758177859
1589,5.63881449326578
1590,6.20860100159437
1591,6.05904754942473
1592,5.22221207067679
1593,6.02023439642745
1594,5.56718780723566
1595,5.92747447618785
1596,5.87447508666307
1597,5.21546786383593
1598,5.452413125555
1599,5.89607127544823
1600,5.58775330314358
1601,5.0149390796819
1602,6.76303077141746
1603,6.21171168550293
1604,6.00161384980734
1605,6.23773076328555
1606,6.26754535164243
1607,5.52260416133734
1608,6.19597295490331
1609,5.61602225733058
1610,5.24659015069437
1611,5.87874218919552
1612,5.61901855911075
1613,6.50033568036884
1614,5.90435005611943
1615,6.59560919733779
1616,6.24112377775035
1617,6.27795774764621
1618,5.56848856037047
1619,6.39090971070793
1620,5.56022530684321
1621,5.19508578211195
1622,5.76484280356715
1623,6.54771839430371
1624,6.82852960730591
1625,5.66479249424048
1626,6.15916570353541
1627,5.68123092272361
1628,5.17477517600986
1629,5.22859709246812
1630,5.08228643672698
1631,5.600227274146
1632,5.9608525225419
1633,6.28381095455638
1634,6.53897639741576
1635,5.80257390824261
1636,5.74790566179481
1637,6.25909591716198
1638,6.66280084137999
1639,6.15646209591299
1640,5.64740035225323
1641,6.23881132898927
1642,5.91460886444565
1643,5.49524600035481
1644,5.89846084309075
1645,5.56983994971568
1646,6.09226468609411
1647,6.05887969660492
1648,6.0074895060629
1649,6.43078489063211
1650,5.51156178011744
1651,6.62007738185122
1652,5.83845467520231
1653,6.36413695416785
1654,6.27435532774592
1655,6.2079793427427
1656,5.56946193289709
1657,6.06603642688963
1658,5.33449177377013
1659,5.61017839037753
1660,5.59927518649374
1661,5.61746081205445
1662,6.44793246174825
1663,5.19676116980901
1664,5.52636452725972
1665,5.21826582439976
1666,6.42059524306583
1667,6.67278406145461
1668,5.96319463672953
1669,6.37385474257025
1670,5.50046661993286
1671,6.5355382230393
1672,5.31868069344134
1673,5.35944530068505
1674,6.01690439560977
1675,6.71863523975637
1676,4.94675662304611
1677,6.16758036042283
1678,5.66672608676945
1679,6.24220783159991
1680,5.26566462215214
1681,5.97262914726757
1682,5.72153547455602
1683,5.78558020886053
1684,5.84734124613736
1685,6.52704650947811
1686,6.82410709557545
1687,5.63015048317006
1688,5.68826077524186
1689,5.89384677190731
1690,6.11337413333524
1691,5.35544813102454
1692,6.46915661279737
1693,5.12765945448
1694,6.19616899227553
1695,5.48147809947989
1696,5.15127812926864
1697,5.72242324233251
1698,6.61991330339425
1699,5.66759715855188
1700,5.93307572932302
1701,6.19356159657817
1702,6.55504798692347
1703,6.84974081370752
1704,4.87187060628992
1705,6.59843903804148
1706,5.15076201635155
1707,5.60515487689891
1708,6.42142844959033
1709,5.63585328006157
1710,6.20743932331101
1711,5.94490053840745
1712,5.44342623257379
1713,5.91626296623722
1714,5.66387798552568
1715,5.81019788237619
1716,6.67967344510483
1717,5.30792373865814
1718,5.17961438848422
1719,5.63708897357047
1720,5.12923218969754
1721,4.93235924237717
1722,5.48118346318206
1723,6.35694585746182
1724,5.6326234932721
1725,5.64252628527795
1726,6.6184085150095
1727,6.58606360749589
1728,5.95266535942168
1729,5.86935786700308
1730,5.96570005237306
1731,6.37137530082897
1732,5.89871860617751
1733,7.23051927822581
1734,6.09162636901635
1735,5.83178266178394
1736,5.38896843571181
1737,6.85500867584682
1738,6.36394778916071
1739,5.77478796507917
1740,5.92696553222819
1741,5.61655770087506
1742,6.26454749080855
1743,5.96951903412231
1744,6.00258328586818
1745,6.63976854032119
1746,5.56142544255362
1747,5.54411383471033
1748,5.71344284338728
1749,6.58861633024916
1750,5.29746608488147
1751,5.5303909941185
1752,5.6462249828811
1753,5.73162070161587
1754,6.53911165617839
1755,4.69036219138769
1756,6.133548637059
1757,6.36586481438258
1758,5.64613775110213
1759,6.24286785979636
1760,6.44031570081427
1761,5.60650623109611
1762,6.55537958203458
1763,6.38277107624771
1764,4.64129915026466
1765,6.41574412053393
1766,6.43816373805576
1767,6.44184865010648
1768,6.78371573284535
1769,6.13280129180709
1770,5.82074482644323
1771,6.36890728989055
1772,5.70113433648183
1773,5.61889748451946
1774,6.23481544029788
1775,6.14499399021122
1776,5.68050918682961
1777,5.60987641879876
1778,6.75805284721695
1779,5.12960325526045
1780,5.44101307814539
1781,5.80922040937978
1782,6.41647320933867
1783,6.06942428326217
1784,5.62478015254799
1785,5.56339239565534
1786,5.88758945548113
1787,5.55123467336455
1788,6.16573659692322
1789,5.66936468465923
1790,6.17548631540616
1791,6.00930045197218
1792,-0.681294030354984
1793,5.76756932033382
1794,5.48947213904397
1795,6.2930556556829
1796,6.26440254768328
1797,6.05660685673294
1798,5.97211582368169
1799,6.73179107226858
1800,6.39897453051184
1801,5.25067243620678
1802,6.09586677534819
1803,5.4198869078961
1804,5.60313996658962
1805,5.45608037218146
1806,7.01926831290741
1807,6.43440057556732
1808,5.52325343300137
1809,6.27842183936363
1810,5.79294215829338
1811,6.51572429470329
1812,6.58335358643033
1813,6.2926331966568
1814,6.05824537281021
1815,5.18751001184118
1816,7.0238798642142
1817,5.72886828825704
1818,5.28130080219734
1819,6.41098328033302
1820,6.41589068679905
1821,5.16327201052504
1822,6.53912916268159
1823,6.12413880198116
1824,5.7764715828091
1825,5.80579826814367
1826,5.6918884647783
1827,6.0179833766264
1828,7.02743259626045
1829,5.71741246357168
1830,6.18419154085892
1831,6.5182625592536
1832,5.7106846780922
1833,5.7135299339101
1834,6.18121875495849
1835,6.12473364668145
1836,6.13215571902411
1837,6.31673922975814
